W_FOCUS,K,Silhouette,Davies-Bouldin,Calinski-Harabasz,Balance(min/max),군집0,군집1,군집2,군집3,군집4,군집5
1.6,6,0.3255880182075329,1.2482995932914738,21059.272406455286,0.027633396934008816,"42.2% (30,398명)","20.8% (15,008명)","14.2% (10,265명)", 1.2% (840명)," 9.1% (6,532명)","12.5% (9,003명)"
